"Link_Titolo","Nome","aiconalt","Visualizzazione","Visualizzazione1"
"https://www.amazon.it/portal/customer-reviews/srp/-/R84A520OMCGQS/ref=cm_cr_arp_d_rvw_ttl?ie=UTF8","Nicola","5,0 su 5 stelle","Recensito in Italia il 19 maggio 2025","Cellulare molto bello, con un processore veloce, nonostante non stia usando la modalità GT. La ricarica, a 120 hz è fantastica. Lo sto usando da cica un mese e, a parte una problematica, improvvisamente il telefono era diventato bollente, facevo fatica a tenerlo in mano, non caricava più a 120 hz, e su questo penso che sia una forma di protezione del telefono, perché quando si ricarica il telefono diventa caldo, quindi per non aggiungere calore a calore..., e anche la durata della batteria era notevolmente diminuita. Questa cosa è andata avanti per due o tre giorni. Come lo risolta, lo scrivo nella speranza che possa essere utile ad altri che si trovassero nella stessa situazione. Pensa e ripensa, mi è venuta in mente una parola ""background"", mi sono messo a controllare tutte le app sia quelle già installare nel nuovo telefono, che quelle passate dal mio vecchio xiaomi in fase di passaggio dati. Ebbene, avevo più di quaranta app con quella funzione attivata. Disabilitata a tutte le app, il cellulare è tornato a funzionare perfettamente ed al tatto è ancora attualmente freddo. Ho preferito dilungarmi su questo contrattempo che spero possa esservi utile, invece che parlarvi del telefono che è già ben descritto in altre recensioni."
"https://www.amazon.it/portal/customer-reviews/srp/-/R20GI9914V3RH3/ref=cm_cr_arp_d_rvw_ttl?ie=UTF8","Carlalberto","5,0 su 5 stelle","Recensito in Italia il 8 aprile 2025","Ho acquistato due Realme GT6T, uno per me e uno per mio padre, e posso dire con certezza che si tratta di uno dei migliori acquisti che abbia mai fatto. Le prestazioni sono straordinarie, considerando il prezzo davvero competitivo. Non ci sono rallentamenti nemmeno durante l’utilizzo intenso, e il processore è davvero reattivo.

Il display è eccezionale: colori vividi, luminosità elevata e un’ottima visibilità anche sotto la luce diretta del sole, al pari di altri dispositivi di fascia medio-alta. La fotocamera è fantastica, con una qualità delle foto che compete tranquillamente con telefoni di marche più blasonate e costosi.

L'unico piccolo inconveniente riguarda l'applicazione del vetro protettivo. A causa dei bordi curvi del telefono, ho trovato difficile mantenerlo incollato perfettamente, quindi attualmente utilizzo il telefono senza vetro. Questo però è solo un aspetto estetico personale, perché per quanto riguarda la funzionalità, mi trovo benissimo.

In conclusione, il Realme GT6T è un dispositivo perfetto per chi cerca un ottimo rapporto qualità-prezzo senza rinunciare a prestazioni e qualità. Non posso che consigliarlo a chi vuole un telefono performante senza spendere una fortuna."
"https://www.amazon.it/portal/customer-reviews/srp/-/R2Q072W09MMVRU/ref=cm_cr_arp_d_rvw_ttl?ie=UTF8","Alessandro","5,0 su 5 stelle","Recensito in Italia il 28 novembre 2024","Telefono molto reattivo, aspetto premium... Lasciate perdere le recensioni negative, fotocamera principale praticamente come da top gamma della stagione passata, ottima anche la frontale. Buona gestione della ram (8 + 8 di espansione).. Batteria che dura tranquillamente fino a fine giornata e ricarica super veloce.
Preso intorno ai 350 ha ben pochi rivali....ps lo schermo è favoloso ( bordi leggermente curvi).
Da prendere ad occhi chiusi"
"https://www.amazon.it/portal/customer-reviews/srp/-/R16IPY2NYDNHNR/ref=cm_cr_arp_d_rvw_ttl?ie=UTF8","Alfredo","4,0 su 5 stelle","Recensito in Italia il 1 luglio 2024","Acquistato da pochi giorni, spedizione Amazon sempre al top, lo smartphone risulta esteticamente molto elegante anche se semplice, per l'uso quotidiano è perfetto manca a differenza del GT6 la vera sostanza dell'intelligenza artificiale, movimenti a gesti nn servono a granché avrei preferito che spostassero la parte AI sul reparto modifica foto, processore top veloce e batteria al momento ottima preso con bundle tra cui le cuffiette che sono veramente ottime e caricabatterie che aihme arriverà a luglio..."
"https://www.amazon.it/portal/customer-reviews/srp/-/RY5O9YOG8PHGJ/ref=cm_cr_arp_d_rvw_ttl?ie=UTF8","Martina B.","5,0 su 5 stelle","Recensito in Italia il 3 novembre 2024","Per la prima volta ho trovato uno smartphone adatto alle mie esigenze. Troviamo un hardware di alto livello super veloce e senza mai scaldare. Ci gioco, ci lavoro e scorro tra i social senza problemi. Antenna 5g che nn sbaglia un colpo e display ultra luminoso con funzione HDR. Il caricabatterie da 120w è la soluzione a tutti i problemi di ricarica dello smartphone. Non ho trovato difetti , dopo 2 mesi di utilizzo si comporta come il primo giorno"
"https://www.amazon.it/portal/customer-reviews/srp/-/R3HFLK2DATS4Y6/ref=cm_cr_arp_d_rvw_ttl?ie=UTF8","Eugenio","5,0 su 5 stelle","Recensito in Italia il 10 novembre 2024","Senza dilungarmi troppo su dettagli tecnici che si possono facilmente reperire in rete posso dire che si tratta di uno smartphone di fascia media davvero eccellente con un rapporto qualità/prezzo davvero notevole. Hai dotazioni presenti anche su device di alta gamma. Anche la fotocamera di distingue per prestazioni buone in considerazione della fascia di prezzo dello smartphone.
Per un utente medio e non troppo smanettone come me sicuramente un acquisto azzeccato che rifarei e consiglierei."
"https://www.amazon.it/portal/customer-reviews/srp/-/R1RRHIRD72242D/ref=cm_cr_arp_d_rvw_ttl?ie=UTF8","Steve","5,0 su 5 stelle","Recensito in Italia il 24 settembre 2024","Prima di acquistare questo dispositivo ho seguito parecchie recensioni, alla fine mi sono deciso e, che dire, soddisfatto dell'acquisto. Il telefono è esteticamente bello, costruito con buoni materiali ma quello che mi ha sbalordito di più è la durata della batteria. Riesco a fare anche due giorni con un utilizzo normale (50 % connessione dati 50% wifi qualche foto e ascolto musica con cuffie). Soddisfatto dell'acquisto."
"https://www.amazon.it/portal/customer-reviews/srp/-/REFPX4DWKVBBM/ref=cm_cr_arp_d_rvw_ttl?ie=UTF8","Alessandro","5,0 su 5 stelle","Recensito in Italia il 26 dicembre 2024","Come ho scritto nel titolo di questa recensione questo smartphone mi ha veramente stupito sempre fluido mai un bug per non parlare della ricarica super veloce , veramente soddisfatto dell'acquisto uno smartphone con i contro .... lo consiglio perché come dice Gesualdo del Monaco è un vero petardo ."
"https://www.amazon.it/portal/customer-reviews/srp/-/R39E0WFL9NA5B/ref=cm_cr_arp_d_rvw_ttl?ie=UTF8","Utente 88","3,0 su 5 stelle","Recensito in Italia il 4 novembre 2024","Il telefono sulla carta, grazie al suo hardware, è ottimo.
La realtà dei fatti, purtroppo, è che si tratta di un dispositivo difettoso.
Se da una parte abbiamo una eccellente gestione della batteria, dall'altra abbiamo:
- uno schermo fragilissimo. letteralmente in 15 giorni ho avuto lo schermo gravemente crepato per cadute banali. Neanche nel 2017.
- Questo è l'unico dispositivo che ho in casa non in grado di connettersi al wifi (""password errata"", ma è dimostratamente corretta)
- Ogni tot ore/giorni la connessione cellulare smette di funzionare, soprattutto dopo le chiamate

Altre info:
- fotocamera ok. Neanche lontamente paragonabile però al mio vecchio s21 ultra
- casse audio debolucce
- gesture scomode (split screen, skip canzoni)

Esito:
Nel complesso può essere un buon telefono. Mi auguro vivamente che i miei siano difetti di fabbrica, piuttosto che del modello in sé. Fragilità schermo imperdonabile."
"https://www.amazon.it/portal/customer-reviews/srp/-/RZ3P2L1LQQBRP/ref=cm_cr_arp_d_rvw_ttl?ie=UTF8","Davide","1,0 su 5 stelle","Recensito in Italia il 4 settembre 2026","Smartphone con grossi problemi di surriscaldamento inverosimile e blocchi delle app. Il telefono dopo un uso normale (no gaming) di enta infuocato in corrispondenza della batteria. Chiesto il reso, da amazon mi propongono la riparazione. Spedirò in riparazione."
"https://www.amazon.it/portal/customer-reviews/srp/-/RBUH7YQQM97DY/ref=cm_cr_getr_d_rvw_ttl?ie=UTF8","katia schlechtleitner","5,0 su 5 stelle","Recensito in Italia il 7 gennaio 2025","Due mesi dopo l'acquisto, sono davvero soddisfatta di questo smartphone. La batteria ha una buona durata (ho messo il limite di ricarica all'80 %) senza un uso eccessivo del telefono, si arriva a fine giornata con il 30% e il touchscreen ottimo, la fotocamera eccezionale, foto davvero buone anche in assenza di flash e con poca luce. Il suono è potente anche in vivavoce. Grande soddisfazione!"
"https://www.amazon.it/portal/customer-reviews/srp/-/REE7FP1IN7NG1/ref=cm_cr_getr_d_rvw_ttl?ie=UTF8","Diego sirello","5,0 su 5 stelle","Recensito in Italia il 24 luglio 2024","Ragazzi,ora che mi è arrivato l'ultimo pezzo,io non ho parole è più di una bomba,io non ho wifi vado con dati della SIM e qui dove abito la connessione fa schifo,co questo realme non ho sentito nessuno problema,mi prende ovunque,dato sicuramente dal suo processore,non scalda,la batteria è fantastica anche sotto stress dura un casino, ragazzi se siete arrivati al momento di cambiare telefono non guardate i blasonatia questo FANTASTICO😀😃😆"
"https://www.amazon.it/portal/customer-reviews/srp/-/R3PJ8LSSQRFGC5/ref=cm_cr_getr_d_rvw_ttl?ie=UTF8","Cliente Amazon","5,0 su 5 stelle","Recensito in Italia il 7 giugno 2025","Ottimo prodotto!
Tiene testa a smartphone blasonati sia in velocità di elaborazione, grafica display e foto. Ricarica batteria all'80% effettuata alla reception di un albergo mentre chiedevo informazioni (carica ultrarapida con alimentatore 120W)"
"https://www.amazon.it/portal/customer-reviews/srp/-/R1ASKRPI6UXY3Q/ref=cm_cr_getr_d_rvw_ttl?ie=UTF8","Federico","5,0 su 5 stelle","Recensito in Italia il 31 luglio 2024","Realme GT 6T verde, arrivato in 15 ore dall'ordine!
In primis la ricezione eccezionale, ottimo audio in chiamata e multimediali, display luminoso, batteria ti fa arrivare a sera con 60%
Ancora non ha l'abilitazione VoLTE, dipende nel mio caso da Iliad, essendo un nuovo terminale, credo che aggiorneranno in futuro.
Per il prezzo pagato è valsa la pena!
Aggiornamento..
Con l'aggiornamento ad Android 15,finalmente VoLTE funziona."
"https://www.amazon.it/portal/customer-reviews/srp/-/R37ZF7G8ZSPQ03/ref=cm_cr_getr_d_rvw_ttl?ie=UTF8","gennaro andreozzi","5,0 su 5 stelle","Recensito in Italia il 13 luglio 2024","Acquistato con la promo di lancio, finora è fantastico! Ottimo il display, il feedback aptico e la fluidità generale grazie all'ottimizzazione software e al Soc potente
Migliorabile l'autonomia, non riesco ad andare oltre le 5 ore di display, con il tempo dovrebbe assestarsi. Male l'assenza del caricatore a 120w, per ora uso un vecchio caricatore a 30w ed è abbastanza lento"
"https://www.amazon.it/portal/customer-reviews/srp/-/R2EEPQFEPOQGJK/ref=cm_cr_getr_d_rvw_ttl?ie=UTF8","driver_gp","3,0 su 5 stelle","Recensito in Italia il 7 aprile 2025","Non esiste un manuale, neanche in internet. Va bene il caricabatterie mancante ma almeno un link per scaricare il manuale no? Per le recensioni senz'altro buone non le posso verificare."
"https://www.amazon.it/portal/customer-reviews/srp/-/R1JSA0J806F1LJ/ref=cm_cr_getr_d_rvw_ttl?ie=UTF8","Mauro319","5,0 su 5 stelle","Recensito in Italia il 13 luglio 2024","Smartphone ottimo per il suo costo,ottimo display,durata della batteria al top,si tiene molto bene in mano e non ha un eccessivo peso,l'unico difetto se così si può dire e' la ricezione un po' sotto òa media rispetto alla concorrenza,si spera in un aggiornamento software.."
"https://www.amazon.it/portal/customer-reviews/srp/-/RTHRY4DFLKWF/ref=cm_cr_getr_d_rvw_ttl?ie=UTF8","Loù","5,0 su 5 stelle","Recensito in Italia il 13 novembre 2024","Ottimo smartphone con un design spettacolare a livelli di Oneplus
Le fotocamere sono straordinarie e la durata batteria è uno dei punti di forza"
"https://www.amazon.it/portal/customer-reviews/srp/-/R10PJMS2ETUVHK/ref=cm_cr_getr_d_rvw_ttl?ie=UTF8","Bianchini Maurizio","5,0 su 5 stelle","Recensito in Italia il 19 maggio 2025","molto veloce e versatile,materiali buoni, facile da usare."
"https://www.amazon.it/portal/customer-reviews/srp/-/R1QMSB5EBCS4IO/ref=cm_cr_getr_d_rvw_ttl?ie=UTF8","Mauro Nistri","5,0 su 5 stelle","Recensito in Italia il 25 gennaio 2025","Eccezionale in tutto! Velocissimo, lo consiglio!"
"https://www.amazon.it/portal/customer-reviews/srp/-/R1MLF3EB4KWM60/ref=cm_cr_getr_d_rvw_ttl?ie=UTF8","Antonio","5,0 su 5 stelle","Recensito in Italia il 26 giugno 2024","Servizio Amazon eccellente.
Corriere puntuale.
Scelta cellulare senza messun rivale, nella fascia di prezzo 399€ nessunp fa meglio di gt6T"
"https://www.amazon.it/portal/customer-reviews/srp/-/R2HO8O8FBCO2FS/ref=cm_cr_getr_d_rvw_ttl?ie=UTF8","Stefano Salvati","5,0 su 5 stelle","Recensito in Italia il 6 luglio 2024","Ottimo display veloce e software molto buono. La batteria dopo 12 ore ININTERROTTE di uso è al 51%!"
"https://www.amazon.it/portal/customer-reviews/srp/-/RW1BWL12QOMMO/ref=cm_cr_getr_d_rvw_ttl?ie=UTF8","matteo","5,0 su 5 stelle","Recensito in Italia il 25 ottobre 2024","Super veloce e reattivo vediamo in seguito durata della batteria"
"https://www.amazon.it/portal/customer-reviews/srp/-/R2NJFXTF1VAGAI/ref=cm_cr_getr_d_rvw_ttl?ie=UTF8","Viorel Adrian Panaitiu","5,0 su 5 stelle","Recensito in Italia il 15 settembre 2024","Pensavo peggio però posso dire che è un ottimo telefono"
"https://www.amazon.it/portal/customer-reviews/srp/-/RGVLHJGTDEL5A/ref=cm_cr_getr_d_rvw_ttl?ie=UTF8","Boccini","5,0 su 5 stelle","Recensito in Italia il 11 settembre 2024","Grande autonomia e display luminosissimo. Veramente buono al prezzo acquistato"
"https://www.amazon.it/portal/customer-reviews/srp/-/R1JE9HU2O9P23U/ref=cm_cr_getr_d_rvw_ttl?ie=UTF8","Giorgio","5,0 su 5 stelle","Recensito in Italia il 26 luglio 2024","Autonomia batteria

ottima velocità anche prezzo anche molto soddisfatto acquisto"
"https://www.amazon.it/portal/customer-reviews/srp/-/R7CSPEVUP3XIP/ref=cm_cr_getr_d_rvw_ttl?ie=UTF8","diroby","5,0 su 5 stelle","Recensito in Italia il 25 agosto 2024","Ottima batteria, display e carica veloce"
"https://www.amazon.it/portal/customer-reviews/srp/-/RFUHAMJBZRBJ0/ref=cm_cr_getr_d_rvw_ttl?ie=UTF8","Matteo","5,0 su 5 stelle","Recensito in Italia il 4 agosto 2024","Ok"
"https://www.amazon.it/portal/customer-reviews/srp/-/R76ASWFEV12G/ref=cm_cr_getr_d_rvw_ttl?ie=UTF8","Michele","5,0 su 5 stelle","Recensito in Italia il 7 ottobre 2024","Il Realme GT 6T 5G è un dispositivo che offre un ottimo rapporto qualità-prezzo, soprattutto per chi cerca un smartphone dalle prestazioni elevate senza spendere una fortuna. Ecco una breve recensione delle sue caratteristiche principali:
Prestazioni
* Processore: Il potente Snapdragon 7+ Gen 3 garantisce prestazioni fluide e reattive anche per le attività più impegnative.
* RAM e memoria interna: Con 8GB di RAM e 256GB di memoria interna, avrai spazio sufficiente per tutte le tue app e file.
Display
* Dimensioni e risoluzione: Il display AMOLED da 6,78 pollici offre una buona luminosità e colori vividi.
* Frequenza di aggiornamento: La frequenza di aggiornamento di 120Hz assicura un'esperienza visiva fluida e piacevole.
Batteria
* Capacità: La batteria da 5500mAh offre una buona autonomia, permettendoti di utilizzare il telefono per un'intera giornata senza problemi.
* Ricarica rapida: La ricarica rapida da 120W ti consente di ricaricare completamente la batteria in pochi minuti.
Fotocamera
* Sensore principale: Il sensore principale da 50MP cattura foto dettagliate e con colori accurati.
* Sensori aggiuntivi: I sensori aggiuntivi per l'ultra-grandangolo e la macro ti permettono di scattare foto in diverse situazioni.
Conclusioni
Il Realme GT 6T 5G è un ottimo smartphone per chi cerca un dispositivo dalle prestazioni elevate senza spendere una fortuna. Grazie al suo potente processore, al display di qualità e alla buona autonomia della batteria, rappresenta una scelta eccellente per la maggior parte degli utenti."
"https://www.amazon.it/portal/customer-reviews/srp/-/R1L8C22DAWAT08/ref=cm_cr_getr_d_rvw_ttl?ie=UTF8","DeeJuza","2,0 su 5 stelle","Recensito in Italia il 24 giugno 2024","Sulle caratteristiche tecniche in rapporto al prezzo (399€) nulla da dire, però devono smetterla di fare padelle con schermi curvi che non ha nulla di utilez è solo marketing, ed è pure scomodo. Non bastava il top GT 6 (non T)? Ci vuole tanto a diversificare i modello facendo la versione TOP così e la versione piu economica leggermente piu compatta e soprattutto con schermo piatto?... Non capisco il senso ."
"","Laurent Bastogne","5,0 su 5 stelle","Recensito in Belgio in data 4 settembre 2024","Bonjour les photos je suis surpris la batterie extra
Acheter le vous serez pas dessus
Croyez moi"
"","Fabien","5,0 su 5 stelle","Recensito in Francia il 11 agosto 2025","Après 6 mois d'utilisation par mon fils, nous sommes réellement satisfait de ce choix.
La tenue en main est parfaite, l'appareil donne une sensation de confiance dans la qualité de l'assemblage et par son aspect visuel.
Grace à son écran AMOLED, l'affichage est efficace dans toutes les conditions d'utilisations (Intérieur, extérieur, nuit et jour).
Niveau performances, l'appareil réponds aux besoin de mon fils, il peux faire fonctionner de manière fluide tous ses jeux, regarder les vidéos, les séries VOD. Il ne s'est pas encore plaint de limitations quelconques.
Avec sa batterie de 5500 mAh son autonomie supporte l'usage intensif qu'un ado arrive à lui imposer et tout en gardant un température de surface tout à fait convenable. Couplé à une charge 120 W qui lui permet de remplir sa batterie en moins de 20 minutes, son autonomie est quasiment illimitée.
Coté photo, nous ne sommes pas des experts mais les photos sont nettes, précises, les couleurs et la luminosité semble être respecté. Très suffisant pour un usage normal.
Pour un prix à moins de 400 €, il représente un excellent choix pour les utilisateurs en quête d'un smartphone performant et abordable.
Apres cet expérience positive, j'envisage de prendre des Realme GT pour toute la famille au fur à mesure que nos appareils actuels nécessiteront leurs remplacement."
"","Yahir Bonilla","5,0 su 5 stelle","Recensito in Spagna il 3 agosto 2024","El teléfono cumple las expectativas de maravilla, tiene una pantalla increíble de gama alta, su cámara principal es muy buena no es la mejor pero por el precio no se le puede reprochar, sus rendimiento es excepcional corre cualquier juego y abre cualquier aplicación super rápido y sin problema alguno, el sistema trae blotware pero al configurarlo por primera vez si quieres lo dejas o lo elminas donde alguna de esas aplicaciones son Amazon o Mitavia que en mi caso me sirven y su batería tiene una duración de más de 7 horas de pantalla activa.
Lo malo que encuentro en este dispositivo son dos cosas:
1-Materiales de construcción: Está construido de plástico el cual realmente hace que no se sienta de calidad cosas que con una funda da un poco igual.
2-No trae el cargador de 120w en la caja por lo cual deberás gastarte 30€ más para poder aprovechar esa velocidad de carga."
"","Maria Moreira-Edwards","1,0 su 5 stelle","Recensito nel Regno Unito il 3 settembre 2026","The phone no longer works and I purchased it in May. Its September. The battery stopped working and I now need to scramble for a repair. Would not recomment but it seemed ok but now can't use it and its in a repair shop. Not sure how much to repair but expensive buy seeing that product failed. Battery life bad and failed in short space of time"
"","PirilisRC","5,0 su 5 stelle","Recensito in Spagna il 18 febbraio 2025","Pues como pongo en el título, me parece un teléfono genial calidad precio , buena potencia , muy buena pantalla , una batería decente para el día sin problema, carga rápida, buen sonido y una cámara decente.
Lo único malo es que al ser brillante las huellas se marcan bastante y eso que mi color es verde , no quiero ni pensar el plateado, pero bueno yo lo uso con funda y de maravilla, cosa que en la caja viene una funda fina , la lástima que no venga el cargador de 120w y que trae algunas aplicaciones preinstaladas que no sirven para nada y alguna solo podemos inabilitarla no desinstalarla.
En mi caso con un uso medio , sin juegos etc acabo el día con un 50% de batería, usando dos sim , con muchas llamadas de teléfono, WhatsAp , mail etc .
Lleva android 14 y imagino que pronto actualizará a android 15 . Ya que otros modelos inferiores ya han actualizado.
La cámara es decente , puedes hacer muy buenas fotos .
Conclusión, si no quieres gastar mucho dinero y quieres un teléfono bastante redondo , este es una buena opción."
"","Agit Oguz","5,0 su 5 stelle","Recensito in Germania il 1 luglio 2024","Habe mein Realme GT6T in grün am Samstag bekommen.

Beim Auspacken gibt es neben dem Smartphone ein langes Kabel und eine Realme hülle gratis dazu. Die Hülle hat eine wirklich gute Qualität. Auf dem Realme gt6t befindet sich eine vorinstallierte Displayfolie, die man ruhig drauflassen kann.

Das LTPO Display ist wirklich Bombe. Habe sowas lange nicht mehr gesehen. Alles ist gestochen scharf. Die Akkulaufzeit ist ein Traum. Man merkt den 5500mah Akku. Der Akku ist in etwa 26 min bereits voll. Realme OS läuft mega flüssig und kommt dem Stock Android sehr nahe.

Der Prozessor ist sehr flott und ich sehe da keine Unterschiede zum Snapdragon 8s Gen 3.

Werde mein Poco F6 definitiv zurückschicken. Smartphone wird zu warm.... Egal ob ich Bilder mache oder nur mal surfe, die abwärme ist immer vorhanden und zu spüren. Ich komme kaum über den Tag..

Das ist ja nicht mal das schlimme...

Benachrichtigungen kommen nicht an und hyper OS ist ein bugfest...

Ich habe versucht damit klarzukommen aber das ist unterträglich...."
"","Leonard","5,0 su 5 stelle","Recensito in Belgio in data 9 novembre 2024","C'est le deuxième de cette marque que j'ai le premier à fonctionner 5ans avant de commencer à avoir des problèmes j'espère que celui ci me donnera la même satisfaction que le premier"
"","Flo","5,0 su 5 stelle","Recensito in Francia il 21 giugno 2024","Excellent haut de gamme de chez Realme, à prix très compétitif! L'écran du gt 6t est fidèle au niveau des couleurs, fluide et très lumineux (penser à activer l'option luminosité supplémentaire dans les paramètres pour atteindre 1600 nits). L' appareil photo est vraiment bon jour et nuit (compatible google camera), l'interface très fluide et sympa, la partie sonore très bonne ( son puissant , bonne puissance, bonne séparation des canaux gauche/ droite), l'autonomie excellente (5/6 heures d'écran allumé) soit 1,5 /2 jours en moyenne) et la charge ultra rapide très pratique. Attention chargeur non inclus dans la boite."
"","ba","4,0 su 5 stelle","Recensito in Francia il 6 gennaio 2026","Très bon téléphone, beaucoup de paramètres et de personnalisation. Très beau design. Et des fonctions très agréables pour des recherches rapides. Son très bien. Style sympa. Je recommande."
"","Bernhard Stiegler","4,0 su 5 stelle","Recensito in Germania il 11 marzo 2025","Das Realme GT 6T 5G ist ein leistungsstarkes Smartphone, das mit seiner Kombination aus 8 GB RAM und 256 GB internem Speicher überzeugt. Es richtet sich an Nutzer, die Wert auf schnelle Performance und umfangreichen Speicherplatz legen.

Design und Verarbeitung

Das Gerät präsentiert sich in einem modernen Design mit einer hochwertigen Kunststoffrückseite. Obwohl ein Metallrahmen und eine Glasrückseite das Premium-Gefühl verstärkt hätten, trägt die aktuelle Materialwahl zur Gewichtsreduktion bei.

Display

Das 6,78-Zoll-LTPO-AMOLED-Display beeindruckt mit lebendigen Farben und hoher Helligkeit, die auch bei direkter Sonneneinstrahlung eine gute Lesbarkeit gewährleisten. Die hohe Bildwiederholrate sorgt für ein flüssiges Nutzererlebnis.

Leistung

Ausgestattet mit dem Snapdragon 7+ Gen 3 Prozessor liefert das Realme GT 6T eine beeindruckende Performance, die den Anforderungen der meisten Nutzer gerecht wird. In Benchmarks positioniert es sich im oberen Mittelfeld und bietet eine flüssige Bedienung sowie schnelle App-Starts.

Kamera

Die 50-Megapixel-Hauptkamera liefert bei guten Lichtverhältnissen scharfe und detailreiche Bilder. Bei schwachem Licht nimmt die Bildqualität leicht ab, bleibt aber insgesamt zufriedenstellend. Die 32-Megapixel-Frontkamera eignet sich gut für Selfies und Videotelefonie.

Akku

Der 5.500-mAh-Akku überzeugt mit langer Laufzeit, die bei moderater Nutzung bis zu zwei Tage erreicht. Dank der 120W-Schnellladefunktion ist das Gerät in kurzer Zeit wieder einsatzbereit.

Software

Das Smartphone läuft auf Android 14 mit der Realme UI 5.0. Die Benutzeroberfläche ist intuitiv und bietet zahlreiche Anpassungsmöglichkeiten. Allerdings können vorinstallierte Apps als störend empfunden werden.

Fazit

Das Realme GT 6T 5G (8+256 GB) überzeugt mit starker Leistung, hochwertigem Display und langer Akkulaufzeit. Kleine Abstriche bei der Materialwahl und der Kamera-Performance bei schwachem Licht sind zu verkraften. Insgesamt bietet es ein ausgewogenes Preis-Leistungs-Verhältnis.

Bewertung: 4 von 5 Sternen"
"","V. L-B","5,0 su 5 stelle","Recensito in Francia il 19 gennaio 2025","La batterie chargée à 80 % tient bien plus de 15 jours ( tél, gps & internet ) si l'on ne surfe pas toute la sainte journée mais de façon raisonnable.

Elle tient plus de 2 jours si l'on visionne youtube et autres en continu toute la journée. La ça cause !

L'écran, le son sont de très haut niveau. La photo de même ( je ne suis pas un professionnel du secteur pour en détecter les subtilités mais quasiment personne non plus ).

J'ai acheté ce modèle pour avoir une batterie digne de ce nom, un positionnement gps au top ( il est tribande sur tout les satellites de géolocalisation ), les réseaux mobiles France et Chine et un rapport qualité prix raisonnable.

Ayant déjà dans la famille un Realme Gt 5G ( remarquable en tout ), je constate que la marque continue de cocher toutes les bonnes cases et par dessus tout, aucun programme n'est de force imposé, tout est désinstallable, aucune pub.. bref le top."
"","Michael","5,0 su 5 stelle","Recensito in Germania il 15 agosto 2024","Endlich mal wieder ein Gerät wo Alles auf Anhieb funktioniert. Voll auf zufrieden! Super Kamera, super Akkulaufzeit, super Display. Preis Leistung 👌. Good Bye Redmi good bye Xiaomi"
"","Yann Z","5,0 su 5 stelle","Recensito in Francia il 2 gennaio 2025","Un écran amoled 120hz LTPO magnifique,une énorme batterie, fluide,rapide,un OS qui permet de tous personnaliser et une recharge ultra rapide,un rapport qualité prix incroyable
Un sans faute pour se Realme"
"","Amazon Customer","5,0 su 5 stelle","Recensito in Spagna il 13 luglio 2026","Muy buen movil"
"","Kurt","5,0 su 5 stelle","Recensito in Germania il 8 novembre 2024","Bin sehr zufrieden mit dem Realme, es ist schnell mit dem Qualcomm 7+ Gen 3 Chip und hat ein helles Display. Kamera gut und es lädt mit 120W."
"","Bouchon","5,0 su 5 stelle","Recensito in Francia il 9 maggio 2025","Très bon téléphone, je recommande"
"","Pablo","4,0 su 5 stelle","Recensito in Spagna il 26 novembre 2024","Tiene muy buena pantalla, con mucho brillo y los bordes curvos no son nada molestos, de hecho dan la sensación de agrandar aún más la pantalla y se agradece que de esa manera desaparezcan los bordes de la pantalla laterales.
Cámara más que aceptable, sobre todo el sensor principal en condiciones de buena iluminación.
La batería dura bastante, un día de sobra con un uso normal (sin juegos).
Lo que más me ha sorprendido para bien es lo ligero que se siente; a pesar de rozar los 200 gramos (y alcanzarlos al ponerle la funda) y ser bastante grande (más de 16 cm de alto), es estrecho y está hecho de plástico, así que al sujetarlo con la mano se siente muy agradable y cómodo.
La mayor pega que le encuentro es que no va superfluido, se nota que el procesador no es de gama alta y de vez en cuando pega algún tirón o le cuesta abrir una app. Potencia de sobra como gama media y un uso estándar pero que nadie espere un maquinón."
"","auger serge","5,0 su 5 stelle","Recensito in Francia il 11 gennaio 2025","simplicité de mise en route"
"","Top Zufrieden","5,0 su 5 stelle","Recensito in Germania il 28 novembre 2024","Hat alles was man braucht. Ja, leider war der Adapter nicht dabei. Aber des macht nichts. Sieht super aus. Lässt sich einfach bedienen. Das Design ist Klasse. Das Telefon ist genau so wie beschrieben. Sehr zufrieden für die nächsten 2-3 Jahre."
"","DJ_Friki","1,0 su 5 stelle","Recensito in Germania il 5 dicembre 2024","Leider ein bekanntes realme Problem!
Die bekommen es seit Jahren nicht in den Griff, dass diese Ultra Schnellladefunktion länger als ein Monat funktioniert!
Meistens geht sie schon nach zwei Wochen kaputt, bei mir sind es jetzt vier Wochen gewesen!
Man kann überall im Internet,vor allem auf Reddit zahlreiche Beiträge darüber lesen.
Der Fehler ist seit Jahren bekannt und realme unternimmt nichts dagegen!
Aufladen dauert trotz ultra schnellem 120 Watt Laden 90 Minuten für eine volle Ladung!
Also 1% wird in einer Minute aufgeladen da war sogar mein Pixel 8 noch schneller!
Wenn ich das vorher gewusst hätte, dann hätte ich es niemals verkauft und dieses hier gekauft!
Mich hat nämlich das ewig lange Aufladen beim Pixel 8 gestört und deshalb bin ich wieder mal zu realme gewechselt, was wieder mal ein großer Fehler war!
Ich wollte ihnen eine Chance geben, aber im Endeffekt ist diese Firma nicht besser als Xiaomi, wo zwar das Aufladen super funktioniert, aber dafür die Software schlecht ist.
Ich kann nur jedem davon abraten ein Gerät dieser Firma zu kaufen wenn man schnell aufladen möchte.
Wenn es einem aber egal ist, obwohl man ja extra dafür bezahlt, dann kann man ruhig zuschlagen, aber der Akku entleert sich auch nach vier Wochen viel schneller als am Anfang.
Vor allem die letzten 20% sind in fünf Minuten weg!
Der Akku lädt also dreimal langsamer auf, aber dafür entleert er sich dreimal so schnell, sogar über Nacht wo ich den Flugmodus anhabe, verliere ich 50% Akku.
Das hatte ich nicht mal bei einem Samsung Galaxy mit Exynos Prozessor!"
"","Iván","5,0 su 5 stelle","Recensito in Spagna il 10 luglio 2024","Vengo del realme x2, que me ha durado 4 años y era una verdadera máquina.
Era y es, porque aún funciona muy bien.
La oferta de lanzamiento de este realme gt6t era como para no pensárselo.
Y la verdad es que no puedo estar mas satisfecho.
Es una verdadera máquina,
No se calienta, y eso que estamos en verano, la batería me dura una barbaridad (día y medio sin problema).
También es cierto que no soy un usuario muy exigente, ni le doy a juegos. Pero uso el móvil absolutamente para todo y este modelo responde con creces.
Muy recomendable la compra"
"","Anzede","3,0 su 5 stelle","Recensito in Francia il 10 agosto 2025","Cela fait plusieurs semaines que je l'utilise. Rapidité, fluidité comme mon ancien téléphone Xiaomi Mi 10T. Écran lumineux.
Pour la batterie, contrairement à certains commentaires, elle tiens à peine la journée avec une utilisation normale (gps/vidéo/internet). Je l'avais pris pour cette soit-disant autonomie suite aux commentaires mais je me rends compte qu'elle est moindre que mon Xiaomi qui a plusieurs années déjà...un peu déçu de l'autonomie de ce smartphone"
"","Laura Moñino García","4,0 su 5 stelle","Recensito in Spagna il 22 agosto 2026","Estaba contenta con el teléfono, sobre todo por el precio que lo compré en oferta, 314€. Más de eso no lo compro.
El borde curvo sin embargo no me terminó de gustar, solía tener toques fantasmas con la palma de la mano solo por tenerlo agarrado. Y muchas veces al querer tocar algo al borde no me registraba el toque... Para el futuro ya se que no volveré a comprar un teléfono con el borde curvo.

Una pena que un año y medio después la batería murió, cuando llega al 20%-30% o bien se apaga automáticamente, o bien empezaba a bajar rápidamente como una cuenta atrás hasta llegar a 0% y apagarse.
Usando la garantía mandé el teléfono al servicio técnico y un mes y medio después Amazon me devolvió el dinero. No se qué pasó con mi teléfono ya que nadie me comunicó nada, pero bueno, con ese dinero ya me compré otro. Amazon la mejor garantía ⭐⭐⭐⭐⭐"
"","alberto-86","5,0 su 5 stelle","Recensito in Spagna il 10 settembre 2025","Lo tengo desde hace 13 meses. Siempre lo he llevado sin funda. He perdido la cuenta de las veces que se me ha caído al suelo desde diferentes alturas y solo tiene rasguños en las esquinas.

Es un teléfono muy robusto y empiezo a pensar que es algo propio de realme, porque mi anterior dispositivo también era súper resistente.

La experiencia de uso sigue siendo ágil (sin ser un gama alta) y la batería sigue al pie del cañón durando más de 1 día completo.

La fotografía no es su punto fuerte, aunque tampoco es un despojo, y del selfie mejor olvídate.

La conclusión es que este es un móvil hecho para durar mucho tiempo y para alguien que no busque estar a la última ni le importe demasiado la fotografía."
"","ANA ISABEL","4,0 su 5 stelle","Recensito in Spagna il 31 agosto 2024","La BATERÍA me llega al final del día con un 35% y con unas 5 horas de pantalla encendida viendo videos de YouTube y andando en redes sociales. Para tener 5500 mah (más que cualquier otro móvil del mercado es decepcionante).

La CARGA RAPIDA de 120 W no se activó en ningún momento a pesar de tener todas las opciones activadas. Al máximo que me llegó es a 90W y con la pantalla apagada, si se enciende la pantalla para cualquier cosa la carga baja a 33W/45W.

CARGÓ de 2% a 100% en 35 min.

La POTENCIA es buena, permite jugar al cod móvil en alto a 60 FPS, o lo que es igual, para los mortales nos llega y sobra.

La CÁMARA hace fotos decentes, no se de cámaras y para mi son buenas, lo que me gusta es el ZOOM de x20 que puede hacer la cámara, obviamente se ve igual de borrosa que cualquier teléfono con zoom al máximo, pero se agradece que esté.

La PANTALLA se ve espectacular y se nota fluida."
"","Juan","4,0 su 5 stelle","Recensito in Spagna il 1 agosto 2024","Debería de quitarle mas estrellas por el hecho de que una de las cosas que se promocionan con este telefono son los 120w de carga, pero que para ello tengas que comprar un cargador aparte (30€ mas) es una vergüenza.
En cuanto al teléfono era un regalo para mi novia y está encantada. No le da caña, no juega, solo ver el facebook, youtube y poco más.
Viene de un poco x3 nfc y dice que en cuanto a ""rapidez"" no nota demasiada diferencia, dandole ese escaso uso. En fotos tampoco es exigente y está contenta, además de que lleva eso de poder borrar personas o objetos de las fotos. La batería que es uno de los principales motivos de compra muy bien, ya no es que le dure mucho, es que lo pone a cargar mientras va a peinarse o cualquier cosa y cuando vuelve la batería ha dado un subidón. Te da bastante tranquilidad en cuanto a duración de la batería si no le vas a apretar."
"","John Matrix","4,0 su 5 stelle","Recensito in Germania il 29 agosto 2025","Alles richtig gut:
Prozessor
Display (Victus!)
Lautsprecher
Akku (5500)
Schnelles Laden (120 Watt)
Kameras (alles Sony)
...
Aber die Haptik wirkt durch den verbauten Kunststoff doch sehr mäßig.
Eher wie ein oder zwei Klassen darunter.
Ständiges Case ist Pflicht, verkratzt sonst sofort, fühlt sich billig an.
Schade Realme."
"","Manu","4,0 su 5 stelle","Recensito in Spagna il 11 dicembre 2024","Llevo unos días con el móvil y de momento muy bien. Va muy fluido. La batería teniendo en cuenta que es de 5500 pensaba que duraría más pero no está mal. Lo bueno es la carga super rápida... Aunque el cargador no va incluido. Las fotos aunque no he entrado a detalle están bastante bien"
"","Flor de Maria Ampuero Whiltimbury","4,0 su 5 stelle","Recensito in Spagna il 10 luglio 2025","Muy bueno!"
"","david","5,0 su 5 stelle","Recensito in Spagna il 11 settembre 2024","Pues yo vengo de un s21 ultra y la verdad que me cansé de pagar. Las barbaridad de dinero. Que se paganPor unos teléfonos que realmente no lo valen se pagan los materiales pero volviendo al teléfono en cuestión. La verdad que comprándolo uno con otro. Me da mejor el resultados el realme gt6 T que el otro que tenía y por lo tanto es totalmente recomendable muy rápido. Mucha batería muy fiable y muchas actualizaciones"
"","BiigMarS","5,0 su 5 stelle","Recensito in Spagna il 5 gennaio 2025","Llevo unos 6 meses con él y me sigue impresionando lo bien que va. Ningún reinicio ni de apps ni del teléfono, buena duración de batería (lo uso con 2 sims), buena cámara.
En fin, buen teléfono si no quieres gastarte mucho dinero.
Sólo un tirón de orejas a Realme que estando a 5 de Enero de 2025 aún no tengáis Android 15."
"","C.Gonzalez","5,0 su 5 stelle","Recensito in Spagna il 22 giugno 2024","Mi último móvil ha sido un Samsung Note
Estoy impresionada con su procesador.
Su velocidad y la cantidad de nuevas funciones que aporta este Realme GT 6T.
La relación calidad/precio es increíble.
Lo tengo solo unos días y de momento un 10 en todo.
Si las cámaras fuesen mejores , pasaría por encima de de teléfonos de1.500€. Bastante deformación en los vértices .
Le he puesto otra funda , pues regalan una en la caja .
Ojo sin funda se marca mucho de las manos ."
"","Alexandre LOUDOT","2,0 su 5 stelle","Recensito in Francia il 3 novembre 2025","Très bon téléphone, malheureusement la batterie a lâché au bout de même pas 1 an"
"","Mohammad karimdoust","3,0 su 5 stelle","Recensito in Germania il 29 giugno 2024","Ich habe gestern das Handy bestellt und habe immer in YouTube gesehen, dass das handy immer mit der Ladegeräte geliefert wurde aber in Deutschland ist es ganz anders.
Du bekommst keine Ladegeräte!! Nur handy und Kabel und eine Hülle!
Es wird auf keinen Fall bei mir funktionieren und ich werde es sofort wieder zurückschicken, ohne es benutzt zu haben."
"","Salvador Martin Martinez","5,0 su 5 stelle","Recensito in Spagna il 15 agosto 2025","Buen móvil a buen precio"
"","Jokin Gomez","5,0 su 5 stelle","Recensito in Spagna il 8 luglio 2025","Una pasada de móvil por el precio que tiene."
"","Amazon Kunde","5,0 su 5 stelle","Recensito in Germania il 26 maggio 2025","Handy läuft stabil, macht tolle Fotos. Einzig mit einer Folie und deren Auswahl wird es rtwas schwieriger wegen den abgerundeten Kanten"
"","Mario","5,0 su 5 stelle","Recensito in Spagna il 30 giugno 2024","Excelente rendimiento y multitarea fluida: Realme GT 6 está equipado con el potente procesador Snapdragon 8s de tercera generación, lo que lo convierte en uno de los mejores en su segmento. Maneja juegos intensivos y multitarea sin problemas, ofreciendo una experiencia fluida y sin interrupciones."
"","Riyadh","5,0 su 5 stelle","Recensito in Spagna il 31 luglio 2025","Worth it"
"","Julian Fernandez Roman","4,0 su 5 stelle","Recensito in Spagna il 27 luglio 2024","Excelente relación calidad precio"
"","Violeta","2,0 su 5 stelle","Recensito in Spagna il 28 giugno 2025","La cámara de video está fallando. No enfoca bien, emborrona la imagen. La solución es enviarlo al seguir en garantía, pero te quedas sin teléfono entre 10 y 20 dias.
No volvería a comprar."
"","Verónica","5,0 su 5 stelle","Recensito in Spagna il 27 giugno 2024","Teléfono increíble, muy buena pantalla, muy buen sonido, potente, y con buena cámara. Y encima con la promoción de los auriculares y el cargador por 399€ me parece que no puede ser mejor."
"","david ruiz bueno","5,0 su 5 stelle","Recensito in Spagna il 23 ottobre 2024","De momento el rendimiento del teléfono es espectacular , siendo yo una persona que exprime bastante las funciones de los teléfonos"
"","andres","5,0 su 5 stelle","Recensito in Spagna il 16 settembre 2024","El color del móvil es muy peculiar, es un móvil que funciona muy bien a buen precio. Cámara y procesador de buena calidad"
"","Rui Silva","5,0 su 5 stelle","Recensito in Spagna il 11 marzo 2025","Igual ao prometido.
Entrega rápida."
"","Chris","1,0 su 5 stelle","Recensito in Germania il 11 settembre 2024","Grundsätzlich macht das Handy einen guten Eindruck. Aber es gibt doch einige Probleme.
1) Kamera hängt sich immer wieder auf. Das Foto bleibt am Bildschirm hängen für einige Sekunden, dann schließt sich die Kamera App und es speichert das Foto nicht.
2) Internet über die SIM Karte funktioniert sehr oft nicht richtig oder gar nicht. Obwohl Empfang, baut es die Internetseite nicht auf und dann kommt die Meldung ""kein Internet""! Das ist sehr ärgerlich.
3) letztens hat das Handy bei der Nutzung von Maps, den Bildschirm immer abgedunkelt.
... ich bin sehr enttäuscht von dem Handy, obwohl ich mit dem Vorgänger Modell GT 5 G super zufrieden war."
"","Tudo conforme, cabo película e capa, só faltou o carregador que tem de ser à parte. Bastante satisfeito!","5,0 su 5 stelle","Recensito in Spagna il 3 settembre 2024","Encomendei na segunda à noite mas só chegou sexta-feira de manhã, tirando isso tudo ok."
"","Thomas Döring","5,0 su 5 stelle","Recensito in Germania il 17 luglio 2024","Gefällt mir sehr gut! Hatte immer teure Samsung. Ist preiswerter und genau so gut"
"","Fernando Marques","5,0 su 5 stelle","Recensito in Spagna il 21 agosto 2024","Excelente funcionamento. Dos melhores preço/qualidade. De mau é que não traz carregador."
"","bieliniak","5,0 su 5 stelle","Recensito in Germania il 20 dicembre 2024","★★★★★"
"","Domingos José Rebelo Santos","5,0 su 5 stelle","Recensito in Spagna il 5 settembre 2024","Muito rápido no uso diário e com carregamento super rápido."
"","Kazakov,Sergej","5,0 su 5 stelle","Recensito in Germania il 12 settembre 2024","Sehr gut und schnell"
"","Maniek73","2,0 su 5 stelle","Recensito in Germania il 14 ottobre 2024","Po 5 miesiącach zmieniam recenzje Telefon się zawiesza nic nie można zrobić żeby odblokować Trwa to co jakieś s czas"
"","Daniel R.","1,0 su 5 stelle","Recensito in Spagna il 24 aprile 2025","Entiendo que un móvil pueda salir malo. Pero que me ignoren en el servicio de atención al cliente, que me envíen un teléfono 900 que es de un hospital o que el email de reparaciones no exista ... Es imperdonable.

Mi recomendación es NO comprar un Realme. Si pasa algo habrás tirado el dinero."
"","Ion","5,0 su 5 stelle","Recensito in Spagna il 18 settembre 2024","Mejor de lo esperado"
"","sebastian lamas","5,0 su 5 stelle","Recensito in Spagna il 9 settembre 2024","Buena relación calidad precio"
"","Ana Mª Lázaro","5,0 su 5 stelle","Recensito in Spagna il 7 agosto 2024","Sí. Me ha gustado mucho."
"","Miguel Ángel Peralías","2,0 su 5 stelle","Recensito in Spagna il 28 ottobre 2024","La batería para ser nueva y de 5500 mha, aguanta poco más de un solo día, probablemente devolveré el teléfono, me esperaba más."
"","pilar","1,0 su 5 stelle","Recensito in Spagna il 27 luglio 2025","Muy mal no funcionaba ni la huella ni el reconocimiento facial.
El rembolso no fue tampoco muy rápido, un mes tardaron ."
"","Alejandro P.","1,0 su 5 stelle","Recensito in Germania il 17 settembre 2024","I was sent a smartphone used by someone else, I wasn't expecting it."
